stego_method,dataset,split,loss,mae,ws
dropout,../data,split_tr.csv,0.22420852134625116,0.22420851389567056,0.2256327818944243
dropout,../data,split_va.csv,0.16521641612052917,0.16521643102169037,0.0
dropout,../data,split_te.csv,0.2661099433898926,0.2661099433898926,0.09206713112167834
