stego_method,dataset,split,loss,mae,ws
HILLR,../data,split_tr.csv,0.43355336586634313,0.22314735626180968,0.2131441951674956
HILLR,../data,split_va.csv,0.24896268397569657,0.16523776203393936,0.07786174822568614
HILLR,../data,split_te.csv,0.34880980253219607,0.29730795323848724,0.05714576451332003
