stego_method,model_name,auc,p_e,tau0,fpr_tau0,tpr_tau0,fpr_50,tpr_50
LSBR,AVG,0.4,0.33333333333333337,0.062,0.0,0.3333333333333333,0.0,0.0
LSBR,B0_0.01,0.88,0.19999999999999998,0.548,0.2,0.8,0.4,1.0
LSBR,KB,0.7333333333333333,0.16666666666666669,0.012,0.0,0.6666666666666666,0.0,0.0
LSBR,UNet,0.8666666666666667,0.09999999999999998,0.004,0.0,0.8,0.0,0.0
LSBR,ns-r-B0_0.01,0.9199999999999999,0.06666666666666665,0.656,0.0,0.8666666666666667,0.2,1.0
