,1,AVG9,AVG,KB,UNet_dropout_l1,UNet_LSBR_l1ws,UNet_HILLR_l1ws
correlation,0.01342203238372897,0.0016291560929867343,-0.00013765318227830357,0.00013367011704695,0.01326615697164687,0.0002487224894515492,2.8659469596865775e-05
p-value,3.810143114783749e-12,0.2030246195919041,0.43079977670947966,0.4674708562883178,6.619337379387437e-12,0.44123907590031375,0.48038718126863855
