,1,AVG9,AVG,KB,UNet_dropout_l1,UNet_LSBR_l1ws,UNet_HILLR_l1ws
correlation,0.013422030769609268,0.0016291563566589648,-0.00013765403075562515,0.00013366933773825354,0.01326615697164687,0.00024872254940749134,2.865940222799435e-05
p-value,3.810165029185365e-12,0.20302458160461806,0.4307997544554787,0.4674708562883178,6.619337379387437e-12,0.4412390579165276,0.48038721739789225
