stego_method,dataset,split,loss,mae,ws
LSBR,../data,split_tr.csv,0.4294923784832159,0.22757441798845926,0.20243927739177717
LSBR,../data,split_va.csv,0.19941328689455987,0.16110317409038544,0.033980466981247626
LSBR,../data,split_te.csv,0.35564023405313494,0.26456205546855927,0.11146281725257598
